0.020604353398085,0.16176986694336,-0.16465212404728,-0.065341271460056,0.028727492317557,0.10975982248783,0.07548214495182,0.039968945086002,-0.023516805842519,0.074857152998447,0.034644581377506,-0.1138231754303,0.050888951867819,0.1166687309742,0.047775663435459,-0.023907268419862,0.09255613386631,0.0072327577508986,0.093468174338341,-0.079120084643364,0.065110579133034,-0.13031458854675,0.01575574837625,-0.0073853344656527,0.11036462336779,-0.087003141641617,0.034739628434181,0.0017246189527214,0.16880659759045,0.084544993937016,0.077373243868351,-0.017139313742518,0.044200353324413,-0.035291537642479,0.00093666627071798,0.024515280500054,-0.019907323643565,0.047755632549524,-0.025998715311289,-0.12768226861954,-0.050131041556597,-0.022070571780205,0.061577878892422,0.13141828775406,-0.045721028000116,0.023831974714994,0.044787731021643,0.041986629366875,-0.13686618208885,-0.12760463356972,-0.095660574734211,0.07978293299675,0.029208997264504,-0.090939417481422,0.010476453229785,0.12601107358932,-0.099183164536953,0.17105636000633,0.0090482067316771,-0.12930643558502,-0.1243199929595,-0.030596036463976,0.19499319791794,-0.1549806445837,0.072213858366013,0.18639039993286,-0.06004585698247,-0.0018636637832969,-0.11234051734209,0.06275263428688,-0.022028530016541,0.016684958711267,-0.12381760776043,-0.10868816822767,0.01042231824249,-0.018091956153512,0.084969155490398,0.0069701871834695,0.0085537964478135,-0.093661330640316,-0.12364461272955,-0.035315427929163,-0.052757833153009,-0.065292544662952,0.011292385868728,-0.06298840790987,-0.074664726853371,-0.042338762432337,0.14596517384052,0.074347428977489,0.084381103515625,-0.096998922526836,-0.10495718568563,-0.066612623631954,0.18781380355358,-0.033502992242575,0.037134379148483,0.13105235993862,6.575754377991e-05,0.014878732152283,-0.0038705195765942,0.039796490222216,0.056362830102444,-0.031681202352047,-0.23664517700672,0.1530044823885,-0.023336658254266,-0.034491427242756,0.10950691252947,-0.15860652923584,0.063577651977539,0.03145344927907,-0.045484695583582,-0.019243052229285,0.17693372070789,-0.010056563653052,0.028484357520938,-0.086501821875572,0.19091500341892,0.1170241907239,0.043147440999746,-0.14430336654186,-0.00083753996295854,0.060751520097256,-0.02584938891232,0.034045230597258,0.085293039679527,-0.0082132555544376
0.020604353398085,0.16176986694336,-0.16465212404728,-0.065341271460056,0.028727492317557,0.10975982248783,0.07548214495182,0.039968945086002,-0.023516805842519,0.074857152998447,0.034644581377506,-0.1138231754303,0.050888951867819,0.1166687309742,0.047775663435459,-0.023907268419862,0.09255613386631,0.0072327577508986,0.093468174338341,-0.079120084643364,0.065110579133034,-0.13031458854675,0.01575574837625,-0.0073853344656527,0.11036462336779,-0.087003141641617,0.034739628434181,0.0017246189527214,0.16880659759045,0.084544993937016,0.077373243868351,-0.017139313742518,0.044200353324413,-0.035291537642479,0.00093666627071798,0.024515280500054,-0.019907323643565,0.047755632549524,-0.025998715311289,-0.12768226861954,-0.050131041556597,-0.022070571780205,0.061577878892422,0.13141828775406,-0.045721028000116,0.023831974714994,0.044787731021643,0.041986629366875,-0.13686618208885,-0.12760463356972,-0.095660574734211,0.07978293299675,0.029208997264504,-0.090939417481422,0.010476453229785,0.12601107358932,-0.099183164536953,0.17105636000633,0.0090482067316771,-0.12930643558502,-0.1243199929595,-0.030596036463976,0.19499319791794,-0.1549806445837,0.072213858366013,0.18639039993286,-0.06004585698247,-0.0018636637832969,-0.11234051734209,0.06275263428688,-0.022028530016541,0.016684958711267,-0.12381760776043,-0.10868816822767,0.01042231824249,-0.018091956153512,0.084969155490398,0.0069701871834695,0.0085537964478135,-0.093661330640316,-0.12364461272955,-0.035315427929163,-0.052757833153009,-0.065292544662952,0.011292385868728,-0.06298840790987,-0.074664726853371,-0.042338762432337,0.14596517384052,0.074347428977489,0.084381103515625,-0.096998922526836,-0.10495718568563,-0.066612623631954,0.18781380355358,-0.033502992242575,0.037134379148483,0.13105235993862,6.575754377991e-05,0.014878732152283,-0.0038705195765942,0.039796490222216,0.056362830102444,-0.031681202352047,-0.23664517700672,0.1530044823885,-0.023336658254266,-0.034491427242756,0.10950691252947,-0.15860652923584,0.063577651977539,0.03145344927907,-0.045484695583582,-0.019243052229285,0.17693372070789,-0.010056563653052,0.028484357520938,-0.086501821875572,0.19091500341892,0.1170241907239,0.043147440999746,-0.14430336654186,-0.00083753996295854,0.060751520097256,-0.02584938891232,0.034045230597258,0.085293039679527,-0.0082132555544376
-0.047856912016869,0.17882958054543,0.042988438159227,0.12641975283623,0.047331985086203,0.17242321372032,0.009585221298039,-0.12521608173847,0.024652231484652,0.028453789651394,0.050520353019238,-0.062019888311625,-0.055230934172869,-0.048255283385515,0.11617570370436,-0.0091086095198989,-0.034865770488977,0.074402831494808,0.013285008259118,-0.11558099836111,0.069462366402149,-0.11774758994579,0.028743036091328,0.076339937746525,0.27125391364098,-0.21007034182549,-0.07660061866045,-0.024688772857189,0.051511593163013,0.053386703133583,0.22047084569931,-0.013177443295717,-0.029215073212981,0.015722446143627,0.083454564213753,0.052487354725599,-0.089160762727261,-0.13783441483974,0.022879373282194,-0.10081113874912,0.078307822346687,-0.1083927154541,0.07578095048666,0.036888141185045,-0.029549457132816,-0.051982905715704,0.025325670838356,0.042889196425676,-0.084708347916603,-0.10318426787853,0.032345212996006,0.041049335151911,0.069729298353195,-0.16378435492516,-0.033383172005415,0.10714264214039,-0.11528512835503,0.09142779558897,-0.0052477144636214,-0.040776297450066,-0.14094868302345,0.034631881862879,0.05774188414216,-0.16639839112759,0.14234639704227,0.17599581182003,-0.049159590154886,-0.078871056437492,-0.2396035194397,0.15141271054745,0.0037745281588286,0.13965739309788,-0.08601026237011,-0.11126970499754,0.025738095864654,-0.017877168953419,0.040345873683691,-0.033171154558659,-0.047112222760916,0.078647918999195,-0.087223283946514,-0.05328518897295,0.030045948922634,-0.00040897994767874,-0.078784637153149,0.00026578176766634,-0.058887910097837,-0.070784188807011,-0.063637502491474,0.072195544838905,0.022156098857522,-0.059460815042257,-0.024881454184651,-0.017178326845169,0.0052440050058067,-0.027815781533718,-0.077153004705906,0.048991743475199,-0.004576051607728,0.012987731955945,0.036000020802021,-0.004956386052072,-0.0076132141984999,-0.046133745461702,0.0030484492890537,0.13601286709309,0.076245240867138,0.02533495426178,0.082993976771832,-0.027181874960661,-0.034068152308464,0.018719136714935,-0.014534252695739,-0.01284796372056,0.12056720256805,-0.027210906147957,-0.058734051883221,0.12881258130074,0.13822028040886,0.18742999434471,0.085201315581799,-0.11523194611073,-0.10642207413912,0.020138774067163,0.058165013790131,0.11922922730446,0.10287383198738,0.018178610131145
-0.030791683122516,0.08964067697525,0.050399079918861,0.119016058743,-0.019370250403881,0.061593934893608,0.057651411741972,-0.11863689124584,0.22964558005333,-0.089287370443344,0.037190284579992,-0.045029044151306,-0.062578819692135,0.040032029151917,-0.039718214422464,-0.058564513921738,0.0040186210535467,0.10650515556335,-0.10508301109076,-0.076886266469955,0.12886036932468,-0.073879286646843,-0.13520327210426,0.15450783073902,0.11520230025053,-0.15174397826195,-0.17372155189514,0.024671332910657,0.051055684685707,0.10504335165024,0.19183912873268,0.069260813295841,-0.042557887732983,5.2622024668381e-05,0.08397775888443,0.077283374965191,-0.085367195308208,-0.0098171075806022,-0.076360180974007,-0.11669296771288,0.0078770937398076,0.060530677437782,-0.0095299165695906,0.013499267399311,0.14267280697823,-0.14240030944347,-0.049595046788454,0.025744654238224,0.019240213558078,-0.10784234106541,-0.078829184174538,0.042360190302134,0.12282103300095,-0.12964828312397,0.043297916650772,0.12404052168131,-0.1901620477438,0.14660805463791,-0.019102443009615,-0.12913757562637,-0.081970870494843,0.059430152177811,0.098203428089619,-0.087546773254871,-0.0079618319869041,0.15649719536304,0.063506290316582,-0.11382235586643,-0.19035759568214,0.11425031721592,0.048627398908138,-0.0099174007773399,0.0035344383213669,-0.029837863519788,-0.10466878116131,-0.065442219376564,0.038566824048758,-0.10771189630032,-0.0555190294981,-0.06365192681551,-0.035884972661734,0.14392848312855,-0.077514238655567,-0.1299799233675,0.035778012126684,-0.068850837647915,-0.067833058536053,-0.062848955392838,0.015783734619617,0.083330139517784,0.09297439455986,-0.092299699783325,0.029452135786414,-0.061593100428581,0.13077913224697,0.058662932366133,-0.067517288029194,-0.061022225767374,0.0051477109082043,0.091853819787502,0.071845881640911,-0.004022590816021,-0.030717462301254,-0.080003432929516,-0.11089848726988,0.12685361504555,0.056055188179016,-0.17360238730907,0.057214118540287,0.0073942490853369,0.028206964954734,0.014975449070334,-0.098552644252777,-0.024849044159055,0.12466833740473,-0.0011388858547434,0.016360532492399,-0.0078856255859137,0.12207144498825,0.026198107749224,0.041594728827477,-0.00046766802552156,-0.024570757523179,0.012746063992381,-0.0097726173698902,0.094264015555382,0.10499273985624,-0.064200349152088
-0.069000951945782,0.16534458100796,0.055973548442125,0.099802009761333,-0.0035055645275861,0.070577070116997,-0.014951011165977,-0.20424148440361,0.16241231560707,-0.12368947267532,0.045577175915241,-0.063612066209316,-0.011023638769984,0.0014119442785159,-0.06492231041193,0.036687169224024,-0.057073563337326,0.094871915876865,-0.12157766520977,-0.058645609766245,0.22465988993645,-0.087790317833424,-0.019826760515571,0.03728960826993,0.11559577286243,-0.10965567082167,-0.2110008597374,-0.07578232884407,0.11301916837692,0.14397583901882,0.19015550613403,0.097108967602253,0.030731771141291,-0.031774383038282,0.15618528425694,0.048480626195669,-0.044352170079947,0.10251081734896,0.016712374985218,-0.14195834100246,-0.029856825247407,0.035334963351488,0.016148623079062,0.022961802780628,0.093186162412167,-0.043760493397713,0.056680370122194,-0.006333386991173,-0.095792151987553,-0.15994390845299,-0.12937070429325,0.053518127650023,0.15493346750736,-0.087915666401386,0.0049503929913044,0.09090531617403,-0.050971321761608,0.069798193871975,-0.059977438300848,-0.17013169825077,-0.088377363979816,0.047362089157104,0.11937469989061,-0.063294380903244,0.077701158821583,0.13547094166279,0.023292284458876,-0.050639845430851,-0.14825145900249,0.081499718129635,0.05784398317337,-0.05409849435091,-0.045500598847866,-0.11713955551386,-0.029344005510211,-0.035662066191435,-0.066773034632206,-0.11934051662683,-0.057007994502783,0.036855313926935,-0.035105235874653,0.12779524922371,-0.077150501310825,-0.051627200096846,-0.016744066029787,-0.0014312084531412,-0.082798540592194,-0.056377340108156,-0.060126099735498,0.063368037343025,0.091592557728291,-0.10227588564157,-0.0049334270879626,-0.020869785919785,0.045367881655693,-0.012435883283615,-0.095334529876709,0.10821304470301,-0.015920385718346,0.06292600184679,0.085202537477016,-0.014662426896393,-0.042602110654116,-0.019383823499084,-0.051103871315718,0.11799246817827,0.1104780882597,-0.0053359847515821,0.14492532610893,-0.038399524986744,-0.04529320076108,-0.025820583105087,-0.16606713831425,-0.017195394262671,0.12865568697453,0.062011912465096,-0.13986930251122,-0.00066353398142383,0.089836664497852,0.063050225377083,0.020422885194421,0.013130714185536,-0.05523806810379,-0.0064137894660234,0.013179806992412,0.11695297807455,0.1123941168189,-0.012443173676729
-0.031264524906874,0.071824669837952,0.0083716418594122,0.12968234717846,0.037489600479603,0.066212445497513,0.0565628670156,-0.16585744917393,0.20445977151394,-0.090924084186554,0.052225470542908,0.028623959049582,-0.080025136470795,0.094119682908058,-0.033249042928219,-0.032124757766724,0.025143802165985,0.11149798333645,-0.063263922929764,-0.1018795222044,0.10658955574036,-0.041998092085123,-0.11991100758314,0.12432655692101,0.14750480651855,-0.11252348124981,-0.11988088488579,0.040760114789009,0.025433365255594,0.14141310751438,0.16941407322884,0.10843041539192,-0.011325233615935,-0.012556839734316,0.047046098858118,0.09001113474369,-0.08918696641922,-0.074425861239433,-0.044341512024403,-0.074240818619728,0.050727844238281,0.097949460148811,0.049291599541903,0.029466176405549,0.076015271246433,-0.13800464570522,-0.023560509085655,-0.039675496518612,0.049064822494984,-0.14004604518414,-0.034357905387878,0.01229068916291,0.092050574719906,-0.11307836323977,0.057502765208483,0.16037748754025,-0.18945178389549,0.19503627717495,-0.032967913895845,-0.049461703747511,-0.10888376832008,0.020322805270553,0.11256398260593,-0.10816164314747,0.038512155413628,0.1559827029705,0.024871213361621,-0.1047285348177,-0.18376006186008,0.14745968580246,0.0739621296525,0.032509304583073,0.019882315769792,-0.055992614477873,-0.079536527395248,-0.0087285786867142,0.036414235830307,-0.12152624130249,-0.1317158639431,-0.11774697899818,-0.028010156005621,0.17435245215893,-0.02841966599226,-0.089070424437523,-0.012704230844975,-0.05057217925787,-0.029749980196357,-0.08350881934166,-0.04150390252471,0.064251765608788,0.051007945090532,-0.11508560180664,-0.015741854906082,-0.061755992472172,0.1577413380146,0.066816657781601,-0.087810233235359,-0.054247535765171,0.034955818206072,0.11457263678312,0.0090384399518371,-0.022507552057505,0.010740016587079,-0.053040660917759,-0.1273421049118,0.13373593986034,0.028274364769459,-0.15464448928833,-0.002106583211571,-0.020343519747257,0.019232321530581,-0.019243076443672,-0.071340702474117,-0.014038606546819,0.1184891462326,-0.026815764605999,0.031522635370493,-0.0041158176027238,0.13053897023201,0.051168788224459,0.093663148581982,-0.012843719683588,-0.027025133371353,-0.014494279399514,0.0015382590936497,0.12206313759089,0.095391266047955,-0.01975349150598
-0.031964253634214,0.13485054671764,0.094419091939926,0.094168305397034,0.012942589819431,0.08135487139225,0.054427590221167,-0.1235131919384,0.19848142564297,-0.14317958056927,0.045190948992968,-0.045640148222446,-0.074165195226669,0.034357257187366,-0.012644048780203,-0.040419764816761,-0.022868575528264,0.096834562718868,-0.14251540601254,-0.12109393626451,0.15144853293896,-0.036913868039846,-0.090109668672085,0.11078417301178,0.14486201107502,-0.17562557756901,-0.15226344764233,0.031244449317455,0.06343837082386,0.085512079298496,0.20734550058842,0.025506461039186,-0.03362787514925,0.0095366686582565,0.093838654458523,0.056501749902964,-0.086168646812439,-0.0078389244154096,-0.0513925999403,-0.071884416043758,0.038626719266176,0.087177157402039,0.021711749956012,0.043984573334455,0.097615480422974,-0.10491060465574,-0.029419641941786,-0.024037400260568,-0.040121641010046,-0.11715174466372,-0.09861946105957,0.021480122581124,0.08998154848814,-0.11819680035114,-0.0077168722636998,0.1271713078022,-0.18231427669525,0.18396340310574,-0.045662041753531,-0.10563377290964,-0.1101608723402,0.052707724273205,0.1001683473587,-0.087382256984711,0.028301091864705,0.14989410340786,0.040123280137777,-0.091787204146385,-0.19981291890144,0.14160028100014,0.088723711669445,-0.0015827314928174,0.015630424022675,-0.069161094725132,-0.062160961329937,-0.041216753423214,-0.016295013949275,-0.13078887760639,-0.086645983159542,-0.04881077632308,-0.04078159481287,0.13776804506779,-0.046392045915127,-0.096005380153656,-0.016775658354163,-0.036711245775223,-0.05057817324996,-0.090752728283405,-0.066473737359047,0.082401350140572,0.105573348701,-0.13661186397076,-0.013111960142851,-0.077769689261913,0.13377872109413,0.048343453556299,-0.090055048465729,-0.022696070373058,-0.011725699529052,0.11148605495691,-0.00014177866978571,-0.016459189355373,-0.020405098795891,-0.035958204418421,-0.11205016076565,0.12483999878168,0.048606015741825,-0.092055805027485,0.05929021909833,-0.058335870504379,0.037373751401901,-0.0027431813068688,-0.1167633458972,0.013133428990841,0.13216210901737,0.0094252526760101,-0.043256137520075,0.013417473994195,0.13362416625023,0.05930158123374,0.058477398008108,0.013322825543582,-0.07357357442379,0.031829178333282,0.040560241788626,0.075626067817211,0.10077553987503,-0.050437353551388
-0.017684232443571,0.076647318899632,0.059307925403118,0.12563918530941,0.0087957940995693,0.05834487080574,0.055734895169735,-0.15902081131935,0.25000104308128,-0.12418933957815,0.044208653271198,-0.010862320661545,-0.06360524892807,0.069263346493244,-0.029777595773339,-0.074932433664799,0.0062127052806318,0.10452064871788,-0.12482926249504,-0.072463661432266,0.11839293688536,-0.04918210953474,-0.10183383524418,0.12987193465233,0.11806637793779,-0.15390911698341,-0.16391132771969,0.029339982196689,0.0044878795742989,0.10977104306221,0.19731785356998,0.07608388364315,-0.010776239447296,0.01369065605104,0.10153576731682,0.090140976011753,-0.066359035670757,0.013990821316838,-0.07519257068634,-0.11776108294725,0.028522185981274,0.086337797343731,-0.0061982860788703,0.014656051062047,0.084917359054089,-0.11710170656443,-0.065012045204639,0.010931734926999,0.040227595716715,-0.087733872234821,-0.080656461417675,0.043433174490929,0.11679629981518,-0.11004380881786,0.062495470046997,0.11468170583248,-0.1927565485239,0.14920938014984,-0.048026125878096,-0.1062838435173,-0.10645823180676,0.032980807125568,0.09296391159296,-0.095728754997253,0.019718592986465,0.13352677226067,0.049556095153093,-0.070151254534721,-0.19832864403725,0.15522037446499,0.093433059751987,-0.012921332381666,0.010909737087786,-0.054474014788866,-0.10029079020023,-0.034023713320494,0.013801124878228,-0.14003175497055,-0.073317103087902,-0.060481574386358,-0.047404374927282,0.15041330456734,-0.056580662727356,-0.11336334049702,0.018751006573439,-0.084924571216106,-0.04778216406703,-0.060061451047659,-0.016871301457286,0.093841418623924,0.087341792881489,-0.12490893155336,0.038985326886177,-0.073337852954865,0.114123262465,0.034146774560213,-0.079397834837437,-0.060808666050434,0.01000905316323,0.084965318441391,0.057501975446939,0.011298015713692,-0.019123803824186,-0.074430026113987,-0.099296122789383,0.10795567184687,0.044992841780186,-0.15879136323929,0.058067664504051,0.0051542236469686,0.02476679161191,-0.00076602410990745,-0.11170937865973,0.0069174529053271,0.11837120354176,-0.0027617260348052,0.0061647435650229,-0.018051143735647,0.1185487806797,0.056532319635153,0.070761196315289,0.020522071048617,-0.041361324489117,0.025789953768253,0.033295929431915,0.077626802027225,0.14253313839436,-0.039726305752993
-0.00023046853311826,0.098383374512196,0.10879666358232,0.16617073118687,-0.017470356076956,0.07251738011837,0.042532157152891,-0.16281081736088,0.21227276325226,-0.11729276180267,0.078085981309414,0.0035159585531801,-0.080063387751579,0.043109573423862,-0.011529156006873,-0.07063577324152,0.031493127346039,0.1122483164072,-0.13285394012928,-0.087802439928055,0.096402637660503,-0.037637133151293,-0.10364832729101,0.17590217292309,0.14229978621006,-0.16468876600266,-0.14368408918381,0.050567857921124,-0.013582901097834,0.083232276141644,0.19305609166622,0.093752793967724,-0.047203294932842,0.060611061751842,0.056193858385086,0.074356265366077,-0.073326751589775,-0.010425778105855,-0.050031453371048,-0.045990787446499,0.044411335140467,0.063952729105949,-0.018341165035963,-0.043750386685133,0.10462697595358,-0.14989656209946,-0.062923841178417,-0.0149454632774,0.019650463014841,-0.075591377913952,0.010297915898263,0.062666088342667,0.077427342534065,-0.10355600714684,0.026106053963304,0.11058850586414,-0.18268920481205,0.14506934583187,-0.031628105789423,-0.058032907545567,-0.093842595815659,0.039374202489853,0.046652231365442,-0.13489112257957,0.017918502911925,0.12220021337271,0.077303186058998,-0.093123562633991,-0.23218265175819,0.19893684983253,0.067690640687943,0.012102212756872,0.0112643269822,0.0053361454047263,-0.078581161797047,-0.06362421810627,0.037302613258362,-0.12062893807888,-0.099371515214443,-0.038479629904032,-0.069291673600674,0.13813602924347,-0.024797275662422,-0.13428226113319,-0.0038949234876782,-0.069110691547394,-0.035321686416864,-0.10769543796778,-0.065154157578945,0.074316084384918,0.052559498697519,-0.13386619091034,0.067343451082706,-0.051987037062645,0.1089446619153,0.047387737780809,-0.070850253105164,-0.10538649559021,0.018207030370831,0.087780736386776,0.017013488337398,0.016007155179977,-0.050517968833447,0.0062332898378372,-0.036145877093077,0.093827165663242,0.049925722181797,-0.13828118145466,0.025221882387996,-0.021997587755322,-0.0081876488402486,0.025931973010302,-0.078994154930115,0.02131506614387,0.11549161374569,-0.039841048419476,0.0026577401440591,-0.0019087614491582,0.12576405704021,0.068237036466599,0.071554601192474,0.03696009889245,-0.063328810036182,0.029911721125245,0.079250700771809,0.077874876558781,0.12821954488754,-0.05264350771904
-0.031676657497883,0.14378914237022,0.13159242272377,0.10823199898005,0.0027893502265215,0.083111852407455,0.015536105260253,-0.1376883238554,0.23250386118889,-0.13759006559849,0.043879862874746,-0.046091511845589,-0.090454675257206,0.033628758043051,0.022804256528616,-0.072256773710251,-0.0058763427659869,0.12176016718149,-0.15178650617599,-0.13067711889744,0.11018222570419,0.0017589391209185,-0.066686704754829,0.11408047378063,0.16639137268066,-0.20808736979961,-0.12041298300028,0.078769080340862,0.016126483678818,0.067064039409161,0.22093772888184,0.024019530043006,-0.0011646362254396,0.045180168002844,0.10044018179178,0.036829315125942,-0.0427464582026,-0.02688904479146,-0.045166116207838,-0.06791166216135,0.056632440537214,0.057681385427713,0.041757147759199,0.011654488742352,0.070837289094925,-0.14744463562965,-0.065158329904079,-0.0079226680099964,0.0099879009649158,-0.059795301407576,-0.034951131790876,0.036011770367622,0.094576753675938,-0.098027408123016,-0.025068007409573,0.10972828418016,-0.16692841053009,0.11448331922293,-0.040309302508831,-0.11573334038258,-0.11618918180466,0.033996984362602,0.034204095602036,-0.092690795660019,-0.00013211971963756,0.14940029382706,0.047324348241091,-0.10109037160873,-0.23075902462006,0.17565031349659,0.075489833950996,-0.019690429791808,0.017563426867127,-0.060334760695696,-0.058396968990564,-0.057214923202991,-0.0063832653686404,-0.16317355632782,-0.084383964538574,-0.036665312945843,-0.034370854496956,0.13803219795227,0.00021767051657662,-0.066307403147221,0.024484105408192,-0.045392837375402,-0.066109739243984,-0.084434017539024,-0.055932354182005,0.11304105073214,0.065495662391186,-0.15306194126606,0.01657816208899,-0.071299217641354,0.10184217244387,0.030124774202704,-0.12315741926432,-0.027283972129226,-0.024923507124186,0.083769217133522,0.018258912488818,-0.0015876238467172,-0.0073541887104511,-0.014644687995315,-0.045795127749443,0.08732221275568,0.059781946241856,-0.11108330637217,0.050209812819958,-0.037292025983334,0.019150169566274,-0.0077372286468744,-0.097323223948479,0.055255390703678,0.094601884484291,-0.04640694335103,-0.0076079131104052,0.031377930194139,0.14011000096798,0.065309278666973,0.10537748038769,0.023201597854495,-0.081936150789261,0.015799697488546,0.086871743202209,0.029020801186562,0.14284062385559,-0.028125517070293
-0.04090977832675,0.12449609488249,0.095385693013668,0.072066187858582,-0.015499139204621,0.12873896956444,0.042733401060104,-0.08544047921896,0.18135905265808,-0.10813230276108,0.098649196326733,-0.042688395828009,-0.063310787081718,-0.028976770117879,-0.0060408608987927,-0.070069082081318,-0.07196456193924,0.087651796638966,-0.12081045657396,-0.13859993219376,0.16287106275558,-0.04324247315526,-0.095930263400078,0.076948158442974,0.13760939240456,-0.14614419639111,-0.099794782698154,-0.015048106200993,0.058460056781769,0.05288340523839,0.21700404584408,-0.067051909863949,-0.028391169384122,-0.0057246945798397,0.11889483034611,0.068959355354309,-0.11417438834906,-0.033335063606501,-0.040936376899481,-0.059407524764538,0.050059277564287,0.029711470007896,-0.041294164955616,0.12323365360498,0.055102072656155,-0.10519427806139,-0.039595559239388,-0.022227689623833,-0.080416984856129,-0.1486432403326,-0.10426226258278,0.035514678806067,0.040662009268999,-0.1274715512991,-0.039207324385643,0.13883082568645,-0.20688511431217,0.16560858488083,-0.083573199808598,-0.076467208564281,-0.11629955470562,-0.0072931074537337,0.14384242892265,-0.066017724573612,0.08357097953558,0.075265504419804,0.046299684792757,-0.074852347373962,-0.16123816370964,0.16647639870644,0.10021474957466,-0.0011265439679846,0.0012639383785427,-0.14045169949532,-0.065491162240505,-0.048190724104643,-0.05615459010005,-0.069990083575249,-0.082918062806129,0.0038298089057207,-0.09251607209444,0.074033290147781,-0.019972478970885,-0.060325242578983,-0.070899732410908,-0.035915497690439,0.011672078631818,-0.088662125170231,-0.070477329194546,0.071377292275429,0.08419593423605,-0.15092651546001,-0.026320654898882,-0.058518182486296,0.076860889792442,-0.0041800746694207,-0.082607328891754,-0.063652589917183,-0.021072307601571,0.11206614226103,-0.0033987259957939,0.020651824772358,-0.04762364923954,-0.086404696106911,-0.048275794833899,0.11961150169373,0.078052803874016,-0.055531844496727,0.048027247190475,-0.069425895810127,0.019085884094238,-0.03075815550983,-0.1186465844512,0.0069247162900865,0.15836042165756,0.02740622125566,-0.077768750488758,0.0026071988977492,0.14656449854374,0.072649091482162,0.051728501915932,-0.053883042186499,-0.10841855406761,0.052027631551027,0.10843197256327,0.083444036543369,0.11776867508888,-0.0087957680225372
-0.043988391757011,0.15932902693748,0.091186814010143,0.077092669904232,0.013113433495164,0.12324983626604,0.041130732744932,-0.10583847761154,0.19220672547817,-0.11229354888201,0.064386665821075,-0.033382695168257,-0.074723809957504,-0.0027248787228018,0.010211915709078,-0.043379288166761,-0.047787006944418,0.07462290674448,-0.13771770894527,-0.14825475215912,0.13688641786575,-0.050181783735752,-0.074941352009773,0.099616564810276,0.18178167939186,-0.18297818303108,-0.093425594270229,0.032260809093714,0.051151741296053,0.061559654772282,0.22839772701263,-0.0096539231017232,-0.024558441713452,0.036242205649614,0.072642058134079,0.047357216477394,-0.074786752462387,-0.038908705115318,-0.018703762441874,-0.044905088841915,0.077162049710751,0.023435462266207,0.039681531488895,0.046888809651136,0.074991390109062,-0.12856660783291,-0.033102538436651,-0.0280407872051,-0.059269558638334,-0.11480836570263,-0.075574591755867,0.017195597290993,0.059878591448069,-0.11568982154131,-0.028871413320303,0.14233620464802,-0.19256074726582,0.17907227575779,-0.077095024287701,-0.089080050587654,-0.13502852618694,0.019273888319731,0.10628812015057,-0.11517913639545,0.050954774022102,0.159368917346,0.020694758743048,-0.071893140673637,-0.21536898612976,0.15927544236183,0.069959357380867,0.026486150920391,-0.022601766511798,-0.089372552931309,-0.012735348194838,-0.029482444748282,-0.0054611875675619,-0.10719868540764,-0.095369786024094,-0.015543815679848,-0.080737382173538,0.093115068972111,0.011804204434156,-0.051077719777822,-0.061917223036289,-0.017013603821397,-0.019987415522337,-0.083365708589554,-0.066968396306038,0.078860558569431,0.075223296880722,-0.17128099501133,-0.012644294649363,-0.051909737288952,0.10467064380646,0.028900424018502,-0.10688600689173,-0.032889116555452,-0.010615961626172,0.10360129922628,-0.019532633945346,-0.036844745278358,-0.043891414999962,-0.0066281878389418,-0.061533194035292,0.12475542724133,0.0369175337255,-0.051209162920713,0.022013884037733,-0.09008201956749,0.011342312209308,0.0034225687850267,-0.096951685845852,0.03709239512682,0.14577889442444,-0.0051368665881455,-0.066229961812496,0.051614850759506,0.16222052276134,0.10900454223156,0.090534672141075,-0.015808191150427,-0.095172576606274,0.039152510464191,0.074932619929314,0.075482815504074,0.091747887432575,-0.027477666735649
-0.0030347350984812,0.040676299482584,-0.028144558891654,-0.097708903253078,0.0057984385639429,0.08018858730793,-0.063757576048374,-0.036849673837423,0.070209510624409,-0.061019953340292,0.071262195706367,0.096446745097637,0.037014409899712,0.064406290650368,0.01317809894681,-0.087928377091885,-0.011702173389494,-0.033083498477936,0.05791899934411,0.033279180526733,0.091270796954632,0.17221456766129,0.03283267468214,0.11968524754047,-0.081035293638706,0.062062401324511,0.13167700171471,-0.099030837416649,0.041555017232895,0.1447761207819,-0.01381678134203,-0.14620605111122,0.11778200417757,-0.028792208060622,0.06730031222105,0.06853275001049,0.06552579253912,0.17126931250095,-0.055388804525137,0.11504286527634,-0.048527412116528,0.10101691633463,-0.14159399271011,0.076117351651192,-0.15402270853519,0.050039514899254,0.06462287902832,-0.06602743268013,0.040240917354822,0.0026434459723532,0.018523776903749,0.14078436791897,-0.00037245175917633,0.073617957532406,0.13394641876221,0.074171170592308,0.03696521744132,0.095875464379787,-0.13010662794113,-0.052898172289133,-0.11078629642725,-0.13667489588261,0.17530657351017,-0.083914674818516,0.077613353729248,-0.22421583533287,0.1155531257391,0.056922942399979,0.029626287519932,0.12452221661806,0.11469304561615,-0.01105529256165,-0.06729157269001,-0.11200807988644,0.08049501478672,0.097936004400253,-0.15504384040833,0.057758565992117,0.0053893378935754,0.063700474798679,-0.03386477380991,0.13743737339973,0.10066818445921,0.08067724108696,0.033474609255791,-0.10235772281885,0.11464866995811,0.021883141249418,-0.013782429508865,0.023825235664845,-0.053282976150513,-0.14429162442684,0.025279520079494,0.057600978761911,-0.017835961654782,-0.21483816206455,-0.0051834243349731,0.00740662869066,0.086535319685936,-0.03490973636508,0.024525230750442,0.11864463984966,-0.030337516218424,0.0087031433358788,-0.13274788856506,0.016392178833485,-0.032631937414408,-0.12739278376102,-0.020292302593589,-0.049052711576223,0.063516736030579,-0.013594780117273,-0.092630445957184,0.028828483074903,-0.023769363760948,0.15027016401291,-0.058190245181322,-0.19986173510551,-0.076763398945332,0.088022492825985,0.049860205501318,-0.014985431917012,-0.048510797321796,-0.021148389205337,0.019985044375062,0.14054864645004,0.06407368183136,0.11035589128733
-0.024793947115541,0.21184466779232,0.010102695785463,0.064565926790237,-0.029442643746734,0.082272365689278,-0.0085269473493099,-0.1729002147913,0.072987288236618,0.014740695245564,0.044559322297573,-0.064925082027912,-0.056101616472006,0.06402613222599,-0.033408597111702,-0.043113201856613,0.030025091022253,0.19412259757519,-0.042874094098806,-0.063237018883228,0.033449660986662,-0.058659184724092,-0.037428338080645,0.084022268652916,0.086149975657463,-0.16789357364178,-0.069501578807831,0.097543194890022,0.042536966502666,0.12407640367746,0.056790608912706,0.029659625142813,0.013784888200462,0.021507101133466,0.10750538855791,0.040190082043409,-0.051388800144196,-0.038556002080441,-0.042065031826496,-0.1195914298296,-0.095959916710854,-0.02018048427999,0.077896684408188,0.006520067807287,0.058244656771421,-0.048088300973177,0.022257218137383,0.075134724378586,-0.12262453883886,0.0033468066249043,0.022983888164163,0.070522144436836,0.058574862778187,-0.088347598910332,-0.011146013624966,0.10589933395386,-0.11622104048729,0.081814035773277,-0.0063979681581259,-0.094303414225578,-0.061900410801172,0.095851421356201,0.12627214193344,-0.12239237129688,0.052154537290335,0.1628784686327,-0.040947154164314,-0.10876977443695,-0.28914368152618,0.17617529630661,0.02419719658792,-0.053821422159672,-0.013133956119418,-0.027787053957582,-0.087673678994179,-0.062251091003418,0.098293527960777,-0.12906488776207,-0.021237526088953,-0.14876838028431,-0.023184636607766,0.066344365477562,-0.10963024944067,-0.10158488154411,-0.027500120922923,-0.043287113308907,-0.19101443886757,-0.12369825690985,0.087867379188538,0.20729377865791,0.060417495667934,-0.12473561614752,0.024813683703542,-0.027358623221517,0.15022146701813,0.054911829531193,-0.085793301463127,0.056588087230921,0.010876171290874,0.044091273099184,0.09664711356163,0.075661145150661,-0.02755431085825,-0.063052110373974,-0.037345916032791,0.14090904593468,0.06308002024889,-0.12602666020393,0.035963460803032,-0.013023463077843,0.046731658279896,0.023434495553374,0.031679391860962,0.045455154031515,0.057425752282143,-0.068092703819275,0.060152359306812,0.054537937045097,0.16839495301247,0.054042790085077,0.052252110093832,-0.11435805261135,0.0056769554503262,-0.026875339448452,0.050145737826824,0.075860239565372,0.1432339400053,-0.10664635896683
-0.01080413069576,0.18944363296032,-0.0027992583345622,0.062801323831081,-0.0079144118353724,0.10206202417612,0.0045820684172213,-0.19335463643074,0.032205872237682,-0.0042855991050601,0.045537158846855,-0.038815390318632,-0.060871701687574,0.055746670812368,-0.027356335893273,-0.037845145910978,-0.021743537858129,0.17929567396641,-0.029418846592307,-0.043568000197411,0.017716098576784,-0.039944503456354,-0.033170994371176,0.076883226633072,0.070989198982716,-0.1399510204792,-0.063618555665016,0.076805040240288,0.02438254095614,0.12516565620899,0.029463479295373,0.031869802623987,-0.019028658047318,0.026703480631113,0.11307614296675,0.074176318943501,-0.055462032556534,-0.087617553770542,-0.03993309289217,-0.11218854784966,-0.070535138249397,-0.034565847367048,0.1022402048111,0.041076391935349,0.018371684476733,-0.017691543325782,0.057719953358173,0.080452553927898,-0.13488368690014,0.039794612675905,0.010365814901888,0.039180960506201,0.03072527050972,-0.067530497908592,0.032295230776072,0.099794946610928,-0.13255915045738,0.11069418489933,-0.0070659103803337,-0.060851536691189,-0.067604273557663,0.10807907581329,0.16714096069336,-0.120485201478,0.066739358007908,0.14904449880123,-0.053438525646925,-0.12175211310387,-0.26435181498528,0.1997567564249,0.013772930018604,-0.018958462402225,0.010734176263213,0.0035407049581409,-0.079527221620083,-0.072067081928253,0.092843398451805,-0.11006057262421,-0.026528473943472,-0.1619336605072,0.02411263436079,0.064198039472103,-0.1266518086195,-0.10532919317484,-0.070076987147331,-0.026070758700371,-0.17850568890572,-0.12438716739416,0.062939457595348,0.23096269369125,0.10976196080446,-0.11904981732368,-0.0025268846657127,-0.052285589277744,0.13287550210953,0.066526852548122,-0.089642621576786,0.065804176032543,0.044836465269327,0.037980075925589,0.071921937167645,0.075957164168358,-0.013724046759307,-0.091104842722416,-0.042664255946875,0.15698017179966,0.044142805039883,-0.086165681481361,0.0080203833058476,0.010680957697332,0.066405162215233,0.033008653670549,0.047879200428724,0.025491489097476,0.047586686909199,-0.061704881489277,0.10820291936398,0.047744862735271,0.16413600742817,0.06163315474987,0.077390998601913,-0.12985326349735,0.036574829369783,-0.0073628881946206,0.011356695555151,0.07685112208128,0.14842313528061,-0.091235935688019
-0.097498401999474,0.20802557468414,0.026273654773831,0.06129951402545,-0.0061273998580873,0.085307195782661,0.012659446336329,-0.21009899675846,0.081917136907578,-0.04876159876585,0.004699919372797,-0.01892807893455,-0.10198198258877,0.01791156642139,-0.063217118382454,-0.063060209155083,-0.080108381807804,0.10485055297613,-0.032765716314316,-0.070826098322868,0.0095587279647589,-0.10284648835659,-0.030865222215652,0.051347147673368,0.11823169142008,-0.15042562782764,-0.079111337661743,0.066557474434376,0.041801873594522,0.079482883214951,0.10350098460913,-0.062272466719151,-0.0017164937453344,-0.04888354241848,0.10961716622114,0.03936780616641,-0.099348336458206,-0.049105316400528,-0.044154968112707,-0.082333594560623,-0.008567813783884,-0.01238124538213,0.083357758820057,0.027515321969986,0.027074309065938,-0.0095379473641515,0.040229089558125,0.018634365871549,-0.12125949561596,-0.03594134747982,-0.090764388442039,0.020727746188641,0.10268311947584,-0.10876604169607,-0.0078393174335361,0.11388521641493,-0.13934732973576,0.17183557152748,-0.064082160592079,-0.063487611711025,-0.091076411306858,0.14269432425499,0.18490591645241,-0.096753068268299,0.11289974302053,0.19709508121014,-0.047712281346321,-0.13209368288517,-0.2890759408474,0.11934638023376,0.059625826776028,-0.0031281558331102,0.0077229281887412,-0.014523704536259,0.01297546364367,0.011906682513654,0.03262360021472,-0.15172685682774,-0.017644444480538,-0.1007246747613,-0.057153344154358,0.035826679319143,-0.065821051597595,-0.025371016934514,-0.085688330233097,-0.019932432100177,-0.14564807713032,-0.083246782422066,0.0069863074459136,0.12969671189785,0.067308597266674,-0.11909528076649,0.064457103610039,-0.037833109498024,0.12955793738365,0.013449434190989,-0.078194461762905,0.052552346140146,0.034569725394249,0.067354910075665,0.022052412852645,0.012448768131435,-0.036680340766907,-0.092805102467537,-0.064454309642315,0.18166619539261,0.09769868850708,-0.04283382371068,-0.0012291652383283,-0.018265459686518,0.087590113282204,0.00068818486761302,0.04818432405591,0.033959005028009,0.028540732339025,-0.011378610506654,-0.029798071831465,0.14201164245605,0.17271862924099,0.081063568592072,0.025619463995099,-0.13485077023506,-0.077749818563461,-0.067572489380836,0.0090958895161748,0.1583801060915,0.05858801305294,-0.072063192725182
-0.039665658026934,0.14688079059124,-0.0041163023561239,0.055318638682365,0.0029552385676652,0.086947910487652,0.007736855186522,-0.15116187930107,0.073648937046528,0.028668362647295,0.039729628711939,-0.063097670674324,-0.003545978339389,0.099394150078297,0.0029289103113115,0.0010001671034843,0.0193499494344,0.14868289232254,-0.053075615316629,-0.030188193544745,0.040979791432619,-0.10389380902052,0.0025315559469163,0.1185549274087,0.088665150105953,-0.1307058185339,-0.087349012494087,0.065947897732258,0.092092543840408,0.089170768857002,0.11293935030699,0.10040587186813,0.0022049150429666,0.018427152186632,0.063210271298885,0.093963988125324,-0.064145185053349,0.0048810821026564,-0.055666733533144,-0.13988888263702,-0.051261831074953,-0.028942761942744,0.056672934442759,0.0078119919635355,0.032514166086912,-0.081805035471916,0.010235975496471,0.10856394469738,-0.066746197640896,-0.020220754668117,-0.041000362485647,0.03754560649395,0.074153207242489,-0.10971385985613,0.02977867051959,0.10998885333538,-0.10577341914177,0.13192322850227,0.01842300221324,-0.11818471550941,-0.12957662343979,0.095503650605679,0.14445255696774,-0.12025447189808,0.040287122130394,0.24938833713531,-0.046509083360434,-0.082702793180943,-0.26032415032387,0.14644950628281,-0.021983738988638,-0.0071711451746523,-0.023745832964778,0.00061354198260233,-0.033638648688793,-0.087512947618961,0.10536237806082,-0.10818247497082,-0.0070393155328929,-0.13542310893536,0.012437249533832,0.045830793678761,-0.10186994820833,-0.13003687560558,-0.022116085514426,-0.050371039658785,-0.15148805081844,-0.053158674389124,0.085704915225506,0.17427688837051,0.1140838265419,-0.080672718584538,0.015190835110843,-0.029013711959124,0.1501686424017,0.063515573740005,-0.11005774140358,0.096911020576954,0.031149502843618,0.032285492867231,0.10204043984413,0.0091138640418649,-0.018547153100371,-0.058271382004023,-0.053457003086805,0.16879354417324,0.030475741252303,-0.13718678057194,0.12054135650396,-0.04332884401083,0.016810411587358,0.10657560825348,0.024119878187776,0.027462247759104,0.096679575741291,-0.040476381778717,0.075536146759987,0.049970827996731,0.15839995443821,0.10494681447744,0.066222593188286,-0.13238133490086,0.015688393265009,-0.0039323028177023,-0.067537479102612,0.11358666419983,0.10135855525732,-0.062368594110012
-0.033083599060774,0.14177368581295,0.0607715472579,0.12210770696402,0.010592731647193,0.1062932536006,0.042637515813112,-0.14098550379276,0.16499596834183,-0.12273632735014,0.075654298067093,-0.062311761081219,-0.057721342891455,0.022513281553984,-0.011670195497572,-0.018579050898552,-0.065502442419529,0.045073285698891,-0.11930028349161,-0.057282503694296,0.1347696185112,-0.12703476846218,-0.022408708930016,0.043355282396078,0.15833851695061,-0.18255889415741,-0.16228461265564,0.0090581411495805,0.050638988614082,0.04225043579936,0.21680977940559,0.013614690862596,-0.0245395693928,0.0017789560370147,0.093161478638649,0.09631010144949,-0.087961174547672,0.029020028188825,-0.034994069486856,-0.1140845566988,0.02892835997045,0.021463351324201,0.010346991941333,0.012741447426379,0.051215741783381,-0.082136534154415,-0.018857207149267,0.0050587574951351,-0.057029947638512,-0.073019914329052,-0.14455835521221,0.047897946089506,0.066064797341824,-0.098359920084476,0.0095789507031441,0.087248161435127,-0.1649441421032,0.13956581056118,-0.077433221042156,-0.092425763607025,-0.14249484241009,0.052853923290968,0.1452824473381,-0.13255517184734,0.085663929581642,0.20032362639904,0.0085967956110835,-0.055159740149975,-0.20849181711674,0.14445398747921,0.07886516302824,0.036579538136721,-0.0097810458391905,-0.044567171484232,-0.0085420440882444,-0.04862891510129,0.024051532149315,-0.11610231548548,-0.057873196899891,-0.0089439004659653,-0.072730787098408,0.028252094984055,-0.053346432745457,-0.084690228104591,-0.066406331956387,0.0048615718260407,-0.076518855988979,-0.046636033803225,-0.036080751568079,0.075821682810783,0.13057865202427,-0.14018845558167,0.0040876287966967,-0.047565091401339,0.09607271105051,-0.010456454008818,-0.085533149540424,0.012292687781155,-0.0078695500269532,0.087679371237755,0.0029750226531178,-0.031104926019907,-0.046686723828316,-0.071573838591576,-0.043401032686234,0.18802253901958,0.097962386906147,-0.022521702572703,0.11011584103107,-0.060279954224825,-0.033844575285912,0.024487297981977,-0.073457136750221,0.027914134785533,0.16538083553314,0.01431061886251,-0.031751502305269,0.080418288707733,0.16818407177925,0.12048455327749,0.029408385977149,-0.036910306662321,-0.056695859879255,0.061729654669762,0.050808113068342,0.10469710081816,0.14551474153996,-0.006698617246002
-0.051201701164246,0.041720509529114,-0.14164534211159,-0.053328618407249,0.14457282423973,0.13717105984688,0.05743420496583,0.0006888653151691,-0.022263897582889,0.19333092868328,0.0581164509058,0.011090866290033,0.026526095345616,-0.072388358414173,0.059718064963818,0.14794130623341,-0.030558563768864,0.073194950819016,0.071342833340168,-0.1077233850956,0.098877288401127,-0.032681610435247,0.00081951450556517,-0.13555814325809,0.11953508853912,0.10641515254974,-0.029600935056806,-0.11955498158932,0.17177632451057,0.034217968583107,0.10406103730202,0.14024589955807,-0.027935897931457,-0.042328041046858,0.044635605067015,-0.00096061307704076,-0.00028219723026268,-0.043111242353916,0.21887342631817,-0.048386123031378,0.11236833781004,-0.049185872077942,0.075810827314854,0.098252810537815,-0.095566615462303,-0.15974469482899,0.048318583518267,0.013492308557034,-0.012428566813469,-0.23225282132626,-0.025166939944029,-0.015150750987232,-0.08878730982542,-0.044130995869637,-0.038759097456932,0.082088686525822,0.029000641778111,0.072405189275742,-0.1158944517374,0.017241954803467,-0.11221586167812,-0.16104385256767,0.17602129280567,-0.09038495272398,0.15003256499767,0.09623509645462,-0.10123644024134,0.046594507992268,0.066645741462708,0.01212933473289,-0.040555883198977,0.20463335514069,-0.073916584253311,-0.046544078737497,-0.022849299013615,-0.059271633625031,-0.01606784760952,0.092522419989109,-0.098032981157303,-0.091136783361435,-0.011083779856563,0.09407776594162,0.11198302358389,0.10342389345169,-0.069293506443501,-0.011884999461472,0.11104448139668,0.1092516258359,0.073466688394547,-0.10142351686954,0.023421801626682,0.019053142517805,-0.1751501262188,0.01866465434432,0.05696165189147,-0.058690160512924,-0.040210667997599,0.10040339082479,-0.068425908684731,0.073003359138966,-0.025051925331354,-0.1298899948597,0.012899096123874,0.016284210607409,0.02702615596354,0.068063102662563,0.03154781460762,0.024180449545383,0.11593843251467,-0.015100440010428,-0.10499139875174,-0.0022321627475321,-0.044242352247238,0.0094639491289854,0.18363389372826,-0.060107301920652,-0.016069496050477,-0.011479930952191,0.0436803214252,0.032125160098076,0.12724842131138,-0.053728990256786,0.083014935255051,-0.00044272173545323,-0.086336158216,0.050052456557751,-0.036430694162846,0.10144787281752
-0.043594673275948,0.023495841771364,-0.15987372398376,-0.03209201619029,0.15428511798382,0.22672381997108,-0.049366038292646,-0.11466140300035,-0.063720874488354,0.13923926651478,0.060353226959705,0.028030363842845,0.065708108246326,0.0049358019605279,0.10236014425755,0.1539661437273,-0.015813689678907,0.022496465593576,0.087705194950104,-0.060134667903185,0.069126754999161,-0.025967532768846,0.086485847830772,-0.039738297462463,0.13870823383331,0.06830595433712,0.00019767283811234,-0.13691681623459,0.080140821635723,0.050838753581047,0.16592113673687,0.11492028832436,-0.041480023413897,-0.0085515817627311,0.024706056341529,0.15512809157372,-0.036621671169996,-0.11540480703115,0.14306397736073,-0.0045420993119478,0.07654183357954,-0.069761596620083,0.046151164919138,0.084118664264679,-0.10481776297092,-0.073995023965836,0.094141215085983,0.097453914582729,-0.0027325544506311,-0.13758617639542,0.028260329738259,-0.040966637432575,-0.054155196994543,-0.092250980436802,0.0098505970090628,0.095605671405792,-0.011015521362424,0.13347946107388,-0.035488586872816,0.04390437528491,-0.16079360246658,-0.061763420701027,0.17722395062447,-0.15850019454956,0.18235702812672,0.043067768216133,-0.086182713508606,0.11857949197292,0.0027669658884406,0.12682440876961,-0.027753820642829,0.24821628630161,-0.11408863216639,-0.11245711892843,0.0037037474103272,-0.0075706806965172,-0.01030364446342,0.098922960460186,-0.10667391866446,0.0033631992992014,0.038679573684931,0.034493207931519,0.080154180526733,0.063926696777344,-0.17079454660416,-0.0070246276445687,0.095338881015778,0.049264762550592,-0.023639928549528,-0.047653991729021,0.014756258577108,0.01430447679013,-0.10528740286827,0.053357671946287,0.0089880982413888,-0.01193455606699,-0.06332553178072,0.10778150707483,-0.025924326851964,0.021535459905863,0.0049496754072607,-0.086443193256855,-0.035156350582838,-0.010432631708682,0.0014291793340817,0.095073014497757,-0.068428792059422,-0.0084316888824105,0.050986267626286,0.023761015385389,-0.096420504152775,0.034320089966059,0.0034057989250869,-0.0042360001243651,0.12500894069672,0.0052491892129183,-0.036379773169756,0.031572438776493,-0.0099515467882156,0.1601946502924,0.13708947598934,-0.10537329316139,0.063328713178635,0.019432544708252,-0.12689666450024,0.11221917718649,-0.043333027511835,0.11794825643301
0.036724522709846,0.046000547707081,-0.018447708338499,-0.053950611501932,0.15641663968563,0.13729849457741,0.021447028964758,-0.015892362222075,-0.13125303387642,0.073065526783466,0.065503284335136,0.049234420061111,0.076542548835278,0.096893899142742,0.1669891923666,-0.033217184245586,0.041371591389179,0.021459592506289,0.062201362103224,0.12609100341797,0.034106623381376,-0.015720842406154,0.17047402262688,0.015872666612267,0.032927237451077,-0.029151078313589,-0.074827820062637,-0.057034060359001,0.12963809072971,0.012839836999774,0.027903458103538,-0.0085322959348559,0.048035182058811,0.025596814230084,0.018507590517402,0.10438818484545,0.032681982964277,0.14725488424301,0.034503899514675,-0.033820409327745,0.022594064474106,0.063630692660809,-0.038582250475883,-0.066940471529961,-0.27271276712418,-0.027868492528796,0.084736913442612,0.024221299216151,-0.043371014297009,0.047712072730064,-0.087739817798138,0.022295944392681,-0.094512201845646,0.041069641709328,0.0562903881073,0.011257785372436,0.031588759273291,0.15353074669838,-0.15036900341511,0.0154759734869,-0.17630878090858,0.01706225797534,0.18583624064922,-0.21861480176449,0.14933189749718,0.12430973351002,-0.017902977764606,0.076425157487392,-0.11886560916901,0.082471147179604,0.064215257763863,0.17784395813942,-0.070975854992867,0.063521549105644,0.082669176161289,0.018017880618572,0.0068828444927931,-0.027392851188779,0.08463341742754,-0.073517076671124,-0.083825744688511,0.029410885646939,0.038676884025335,0.029284738004208,0.00086543755605817,-0.03813112527132,0.011150326579809,0.10473415255547,0.07779373973608,0.033367108553648,0.143544703722,-0.077742330729961,0.012251812964678,0.055782735347748,0.055844016373158,-0.22261768579483,-0.051687259227037,0.14779615402222,-0.02940876968205,-0.0010724429739639,-0.049755029380322,-0.027308342978358,-0.014380746521056,-0.018364481627941,-0.10784834623337,0.20960164070129,0.031500544399023,-0.044803965836763,0.16508850455284,-0.069509260356426,-0.026921033859253,0.099606320261955,0.032389283180237,0.083874173462391,0.092588022351265,0.015464343130589,0.020634703338146,-0.053569003939629,0.010374079458416,0.19322489202023,0.03687646239996,-0.10246248543262,-0.0046435473486781,0.070866882801056,-0.072705395519733,0.11180952936411,0.074364945292473,0.057488262653351
-0.044647146016359,0.045678116381168,-0.1629846394062,-0.10441845655441,0.14665445685387,0.19260397553444,-0.001845350372605,-0.04408772289753,-0.052756752818823,0.20342381298542,0.047375448048115,-0.017140747979283,0.0079979179427028,-0.089704237878323,0.10017054527998,0.13436339795589,-0.024812079966068,0.08244426548481,0.096250057220459,-0.15812076628208,0.016632502898574,0.046789716929197,0.039583899080753,-0.16712148487568,0.098587982356548,0.096499070525169,0.020587783306837,-0.10944853723049,0.14743082225323,-0.0060465848073363,0.12586462497711,0.1042728126049,-0.056681904941797,-0.056801278144121,0.083129465579987,0.031809579581022,-0.013263985514641,-0.12994837760925,0.24879066646099,0.01489395648241,0.081447757780552,-0.070475235581398,0.0019158765207976,0.078618586063385,-0.08942923694849,-0.06779532879591,0.015947796404362,0.08509872853756,-0.037782110273838,-0.20688350498676,-0.023376617580652,0.021754002198577,-0.050496753305197,-0.095171399414539,-0.16520321369171,0.065280437469482,0.070162214338779,0.060350354760885,-0.12394404411316,0.094155162572861,-0.10009113699198,-0.067762218415737,0.17860612273216,-0.08280935883522,0.13913257420063,0.042437236756086,-0.084595017135143,0.10535625368357,0.06827200204134,0.056087918579578,-0.035633370280266,0.18925046920776,-0.093144565820694,-0.080246075987816,-0.04458362609148,-0.058639880269766,-0.055337436497211,0.052155390381813,-0.10851379483938,-0.067253112792969,0.031138695776463,0.084306940436363,0.080529548227787,0.11063463240862,-0.10335647314787,-0.0050069894641638,0.08185189217329,0.044831719249487,0.00016506115207449,-0.078429594635963,0.036879695951939,0.0688341781497,-0.13740095496178,0.074581257998943,0.060710735619068,-0.028592560440302,-0.046304855495691,0.070574320852757,-0.084022358059883,0.061393678188324,0.012166732922196,-0.11742205917835,-0.040007587522268,-0.018020549789071,0.073030658066273,0.043729428201914,0.041243728250265,-0.0064400108531117,0.068789556622505,0.059654250741005,-0.047949846833944,-0.015648636966944,0.036283507943153,0.0043381042778492,0.12601011991501,-0.047588054090738,-0.079948253929615,0.041141629219055,0.042813207954168,0.034922257065773,0.13373722136021,-0.12287825345993,0.069365993142128,-0.016319084912539,-0.06617945432663,0.036072097718716,-0.089495874941349,0.071422696113586
-0.059357982128859,0.068469040095806,-0.12217183411121,-0.025945089757442,0.14786310493946,0.20594131946564,0.0012636862229556,-0.076104417443275,-0.063956089317799,0.19196504354477,0.047223336994648,-0.021932024508715,0.0011289372341707,-0.11069117486477,0.10144624859095,0.13581857085228,-0.061760947108269,0.084817610681057,0.088348023593426,-0.12334702163935,0.067586563527584,-0.028419144451618,0.026623053476214,-0.14279265701771,0.14970813691616,0.053757470101118,-0.069879099726677,-0.13985973596573,0.11546637117863,0.012795400805771,0.1390121281147,0.10677844285965,-0.085604541003704,-0.045243039727211,0.11057693511248,0.068829700350761,-0.034739155322313,-0.15554392337799,0.22389939427376,-0.053311973810196,0.098513253033161,-0.094245292246342,0.043697819113731,0.071305312216282,-0.078357338905334,-0.062071476131678,0.061951246112585,0.085804991424084,-0.05708072707057,-0.20353375375271,-0.011405616998672,0.010781292803586,-0.055656813085079,-0.10115503519773,-0.081117287278175,0.066992901265621,0.03014911711216,0.035609599202871,-0.09190159291029,0.052496466785669,-0.087145417928696,-0.053927320986986,0.15731869637966,-0.10284862667322,0.17521527409554,0.064831361174583,-0.091476641595364,0.079560175538063,0.043903790414333,0.081961840391159,-0.019083946943283,0.23841837048531,-0.081072121858597,-0.097224026918411,-0.04393370077014,-0.044980458915234,-0.052839290350676,0.082444876432419,-0.08722460269928,-0.030811531469226,0.010350287891924,0.074968308210373,0.071343660354614,0.10481048375368,-0.13706001639366,0.017138283699751,0.073908731341362,0.059182174503803,0.0066107446327806,-0.059834372252226,0.04160575196147,0.066919893026352,-0.12427531927824,0.039052654057741,-0.0074192835018039,-0.047687813639641,-0.041390277445316,0.083014138042927,-0.079249158501625,0.039683390408754,0.029139427468181,-0.094150967895985,-0.029631881043315,-0.062107179313898,0.080603614449501,0.083335034549236,0.048409033566713,0.034784849733114,0.077692054212093,0.084365025162697,-0.084788300096989,-0.026929825544357,0.00032882241066545,-0.030347734689713,0.15176048874855,-0.040198516100645,-0.071641951799393,0.046259172260761,0.026455424726009,0.054891284555197,0.12180010229349,-0.10192213952541,0.074359536170959,0.0045091896317899,-0.063924565911293,0.075999811291695,-0.026939455419779,0.086816407740116
-0.021116955205798,0.011488119140267,-0.17974995076656,-0.043302487581968,0.15997217595577,0.2011192291975,-0.044255938380957,-0.13539823889732,-0.10473544150591,0.14169631898403,0.052460361272097,0.056076973676682,0.056518062949181,-0.045599356293678,0.07155691832304,0.15267239511013,-0.044507961720228,-0.0054874061606824,0.12394458800554,-0.004277172498405,0.039535440504551,-0.018330235034227,0.11011279374361,-0.080332987010479,0.096519567072392,0.12839694321156,0.031585291028023,-0.1627751737833,0.091566786170006,0.048861622810364,0.10458920150995,0.10884730517864,-0.028710862621665,-0.014303033240139,0.057020172476768,0.12039349228144,-0.0099969767034054,-0.073785431683064,0.17077466845512,-0.042484108358622,0.054850891232491,-0.10758808255196,0.036405466496944,0.087703511118889,-0.1391411870718,-0.017128899693489,0.11201533675194,0.11376128345728,-0.035871975123882,-0.095566406846046,0.0073820976540446,-0.011753869242966,-0.047154970467091,-0.071068353950977,0.033766254782677,0.047758184373379,0.021691000089049,0.10623818635941,-0.089865393936634,0.066125057637691,-0.13129968941212,-0.079281315207481,0.22877100110054,-0.13743783533573,0.21673877537251,0.0078255366533995,-0.11550568789244,0.10836371034384,0.013580261729658,0.10582266747952,-0.066683702170849,0.22193421423435,-0.13244865834713,-0.070880979299545,-0.0035282939206809,-0.024463603273034,0.011979080736637,0.11027048528194,-0.068971067667007,0.023564858362079,0.041927684098482,0.004984122235328,0.060323651880026,0.076083831489086,-0.1481076925993,-0.052011620253325,0.07132463902235,0.083498746156693,0.0064891106449068,-0.026876930147409,0.052946873009205,0.038313996046782,-0.11416514962912,0.094563275575638,-0.0059729455970228,-0.038951579481363,-0.024319427087903,0.12433297932148,0.0017573381774127,-0.019645532593131,0.023699585348368,-0.070281744003296,-0.05907467007637,-0.028519470244646,0.026524979621172,0.083119451999664,-0.019503079354763,0.031830996274948,0.074669048190117,0.045031394809484,-0.077982641756535,0.046471860259771,0.022916611284018,0.0010808508377522,0.12547953426838,0.0038323998451233,-0.032224759459496,0.028055155649781,-0.014106678776443,0.16276368498802,0.11524742096663,-0.10289163887501,0.08873888105154,0.0069176531396806,-0.12340507656336,0.11005549877882,-0.010238888673484,0.098149865865707
0.0011920731049031,0.046393178403378,-0.081513285636902,-0.020223628729582,0.093036785721779,0.15684215724468,0.048649895936251,0.036055311560631,-0.09316012263298,0.26255428791046,0.10734443366528,-0.073313310742378,0.052241589874029,-0.053307708352804,0.11239375174046,0.13371992111206,0.016791503876448,0.18125316500664,0.04121446236968,-0.099446453154087,0.11465534567833,-0.11758648604155,0.041247177869081,-0.10440700501204,0.13466267287731,0.019728560000658,-0.062800645828247,-0.10464027523994,0.11300944536924,-0.020960720255971,0.077616207301617,0.12116067111492,-0.055010452866554,-0.00094713101861998,0.064685665071011,0.00089849525829777,-0.071725554764271,-0.041012447327375,0.17960229516029,-0.12723667919636,0.015686629340053,-0.092518597841263,0.03096629679203,0.078374244272709,-0.066922023892403,-0.15205647051334,0.00099401059560478,0.062385879456997,-0.12314305454493,-0.19944216310978,0.03629045188427,-0.014448647387326,-0.1101340726018,-0.076741069555283,-0.10708722472191,0.06811285763979,0.0183444339782,0.021908741444349,-0.038933455944061,-0.016918636858463,-0.057654939591885,-0.10544538497925,0.11438430100679,-0.091956563293934,0.15050859749317,0.15893922746181,-0.14552208781242,0.086455933749676,-0.01762630417943,0.05906593054533,-0.037854459136724,0.16694450378418,-0.066897630691528,-0.10948722064495,-0.10344165563583,-0.11470178514719,0.024670328944921,0.054937656968832,-0.041370186954737,-0.095736220479012,-0.0609345510602,-0.0072020273655653,0.015941642224789,-0.01307007856667,-0.11101616173983,0.0050475071184337,0.044000692665577,0.039148032665253,0.12161105126143,-0.023551212623715,0.028441702947021,0.013383282348514,-0.1483860462904,0.020204460248351,0.030877826735377,-0.0087157404050231,-0.058407016098499,0.092813782393932,-0.10012254118919,0.061710007488728,0.056027494370937,-0.069653548300266,-0.010225805453956,-0.029677666723728,0.11287585645914,0.081556223332882,0.046667862683535,-0.0014290461549535,0.16362901031971,-0.060820952057838,-0.13321073353291,0.048131845891476,0.0096324924379587,-0.003340512746945,0.2299959808588,-0.080962508916855,-0.032029807567596,0.012571366503835,0.084166660904884,0.029365953058004,0.078883074223995,-0.12738159298897,0.06418039649725,0.05171524733305,0.0217274595052,0.018708141520619,0.028630267828703,0.042019866406918
-0.0030245876405388,0.16851994395256,-0.087513379752636,-0.071213856339455,0.074955597519875,0.13146488368511,0.0040458813309669,-0.013152666389942,-0.04560424014926,0.22289854288101,0.1082706823945,-0.048497322946787,0.05999406427145,-0.01208381075412,0.025407254695892,0.07036479562521,0.1220816001296,0.24524936079979,0.023810213431716,-0.14867396652699,0.1279412060976,0.030239302664995,-0.0062832040712237,-0.018603798002005,0.052188977599144,0.0010421347105876,-0.0088903000578284,-0.071170248091221,0.17116910219193,0.11098070442677,0.054946288466454,0.035798933357,-0.035392612218857,-0.049774322658777,0.10774951428175,-0.017512325197458,-0.013269896619022,-0.018804358318448,0.14693954586983,0.028561636805534,-0.089176431298256,0.056655645370483,-0.014544433914125,0.15409328043461,-0.058966226875782,-0.071568869054317,0.065982736647129,0.011164899915457,-0.1038972735405,-0.19659119844437,0.13433404266834,0.071671389043331,-0.15924951434135,-0.078812099993229,-0.14741718769073,0.10955828428268,0.042078290134668,0.072793029248714,-0.0082668829709291,0.0012806901941076,-0.024649729952216,-0.13918794691563,0.11517415195704,-0.10408716648817,0.13593715429306,-0.15407280623913,-0.040987085551023,0.043783590197563,-0.0056789722293615,0.16403949260712,0.068379148840904,0.10780262947083,-0.053108870983124,-0.15800319612026,-0.15413397550583,-0.071177825331688,-0.073376931250095,0.16496855020523,-0.082043766975403,-0.15583853423595,-0.070884980261326,0.14093904197216,0.011866619810462,0.057594798505306,-0.053483203053474,-0.039125695824623,0.046306617558002,-0.070210009813309,0.053657673299313,-0.04680996760726,-0.097498431801796,-0.04740522429347,-0.11506202071905,-0.033954907208681,0.1376188993454,-0.065089240670204,-0.036119367927313,0.087862819433212,-0.11780658364296,0.1012270078063,-0.0099737914279103,0.059928521513939,-0.0072809727862477,0.077719137072563,0.018528209999204,0.0050848266109824,0.002333857351914,-0.057305101305246,0.11252234876156,-0.034733526408672,-0.079523891210556,-0.04822626337409,-0.03270298987627,0.047670684754848,0.10608179867268,-0.029861997812986,-0.047174800187349,-0.12456389516592,0.0065694460645318,-0.014894805848598,0.041368752717972,-0.046203870326281,-0.0074521573260427,0.024876890704036,0.037026979029179,-0.021298483014107,-0.051086373627186,0.02110393345356
-0.030158877372742,0.034681815654039,-0.18478670716286,-0.029655460268259,0.15238617360592,0.22374960780144,-0.046388857066631,-0.10778715461493,-0.083871722221375,0.14056457579136,0.057238217443228,0.042753506451845,0.067538470029831,0.0058233449235559,0.081572040915489,0.15565031766891,0.0056794118136168,0.006065262015909,0.10282402485609,-0.057589944452047,0.066503219306469,-0.030071720480919,0.067419923841953,-0.026635142043233,0.14776574075222,0.075493037700653,0.017840776592493,-0.12254279851913,0.094740726053715,0.071490749716759,0.15128193795681,0.12891298532486,-0.054919835180044,-0.009670658968389,-0.010081932879984,0.13777728378773,-0.043174840509892,-0.13403017818928,0.1565125733614,0.010828745551407,0.073765084147453,-0.070680469274521,0.064603194594383,0.083597846329212,-0.087732262909412,-0.080594442784786,0.10667651891708,0.084401592612267,-0.0035803171340376,-0.14170671999454,0.049761146306992,-0.025245543569326,-0.056702554225922,-0.094503216445446,0.0079515455290675,0.099253386259079,-0.017673321068287,0.15177476406097,-0.02275057695806,0.04520059376955,-0.15064492821693,-0.060638006776571,0.18178576231003,-0.16460700333118,0.15804719924927,0.043565977364779,-0.078361868858337,0.099165454506874,-0.00046522257616743,0.10992185026407,-0.045945174992085,0.25179144740105,-0.12104873359203,-0.094035387039185,0.008044577203691,-0.0051261209882796,0.016164436936378,0.1029811501503,-0.11462280899286,0.012967514805496,0.03584948554635,0.03278649225831,0.090971164405346,0.064358599483967,-0.15650294721127,-0.0078580370172858,0.091507770121098,0.035684987902641,-0.015527946874499,-0.060406371951103,-0.00041215168312192,0.01311123650521,-0.11670425534248,0.071093052625656,0.02792814001441,-0.0076442337594926,-0.045557629317045,0.10403686761856,-0.019693633541465,0.01665255241096,-0.013293045572937,-0.08208566904068,-0.030464399605989,0.029769543558359,-0.030441537499428,0.099867410957813,-0.07891783863306,0.0080081233754754,0.032768089324236,0.010199978947639,-0.08445467799902,0.03477119654417,-0.001206218614243,0.00056950596626848,0.11690193414688,-0.0046864463947713,-0.029597805812955,0.028873177245259,0.0019472754793242,0.16028290987015,0.12772816419601,-0.10328075289726,0.065854161977768,0.0041665215976536,-0.13891144096851,0.11151829361916,-0.058867875486612,0.10687600076199
0.086626924574375,0.11613494902849,0.0068815220147371,-0.078324943780899,0.047456622123718,0.14271402359009,0.021064916625619,0.10918667912483,-0.074775964021683,0.17164814472198,0.12756869196892,-0.085291996598244,0.10092744976282,-0.038599658757448,0.066107787191868,0.10202746838331,0.090419121086597,0.18897691369057,-0.095161832869053,-0.051739748567343,0.19129933416843,-0.05627654120326,0.045052010565996,-0.041019476950169,0.052784085273743,-0.02623706869781,-0.068738661706448,-0.027869569137692,0.13307908177376,-0.0074192397296429,0.038276508450508,0.08266619592905,-0.029528999701142,0.090697899460793,0.033825196325779,-0.055651769042015,0.0054108910262585,0.10616371035576,0.17361435294151,-0.082759387791157,-0.082417637109756,-0.030139086768031,0.02341933734715,0.0036787018179893,-0.021852480247617,-0.19116252660751,-0.0044782371260226,0.023694027215242,-0.16491165757179,-0.04047342017293,0.05453884229064,0.044880330562592,-0.17367352545261,0.030427116900682,-0.10551906377077,0.014566978439689,0.050847575068474,-0.0047972486354411,-0.060708079487085,-0.11998223513365,-0.034394428133965,-0.11108706146479,0.084274679422379,-0.12281984835863,0.020599469542503,0.083589844405651,-0.086265847086906,0.11843211948872,-0.067522212862968,0.093399055302143,0.0019130719592795,0.066935822367668,-0.088900282979012,-0.04901422932744,-0.095537565648556,-0.14108970761299,0.037865411490202,0.032618213444948,0.01195985917002,-0.073677353560925,-0.088775917887688,0.03713471442461,0.04913080483675,-0.031805705279112,-0.027542054653168,0.00048766972031444,0.017769379541278,0.022493723779917,0.20227639377117,0.027866572141647,0.031952161341906,-0.10502801090479,-0.12126693129539,0.050652213394642,0.074916683137417,-0.04292680695653,-0.065423153340816,0.13034124672413,-0.17316791415215,0.041599813848734,0.027303719893098,-0.0099126370623708,-0.056674975901842,0.12456627935171,0.089450590312481,0.065107323229313,0.0081842457875609,-0.013971636071801,0.178651496768,-0.16580732166767,-0.12622737884521,0.07829113304615,-0.053463827818632,0.099724903702736,0.23772040009499,-0.066210024058819,-0.01983947865665,-0.063474051654339,0.078222021460533,0.045910432934761,0.052792530506849,-0.020589597523212,0.079756364226341,0.089533880352974,0.063115492463112,-0.075008325278759,0.10781347006559,-0.00024209968978539
-0.07509496062994,0.059454817324877,-0.1856689453125,-0.019957905635238,0.10057057440281,0.21772614121437,-0.0033844576682895,-0.071743115782738,-0.04039391502738,0.18241827189922,0.054649904370308,0.014845691621304,0.0049569080583751,-0.10001248121262,0.04198244586587,0.10440245270729,-0.10213292390108,0.029239736497402,0.12924692034721,-0.11189424991608,0.047264106571674,-0.083715163171291,0.064108908176422,-0.12616312503815,0.13855065405369,0.05250308662653,0.0079680345952511,-0.15911687910557,0.09142842143774,0.0285320058465,0.1183388531208,0.061731357127428,-0.032792028039694,-0.063690088689327,0.055042505264282,0.049433257430792,-0.043105822056532,-0.12605847418308,0.18100260198116,-0.024122765287757,0.09389828145504,-0.13685955107212,0.019909819588065,0.080668859183788,-0.1168479397893,-0.092360526323318,0.063624933362007,0.057638984173536,-0.031332813203335,-0.17373847961426,-0.0060955327935517,0.025151643902063,-0.019229527562857,-0.075697310268879,-0.050643187016249,0.08907537907362,0.060182474553585,0.053700409829617,-0.095835693180561,0.04392059519887,-0.11803928017616,-0.075050696730614,0.20809012651443,-0.12388513237238,0.18927384912968,0.069501958787441,-0.091091193258762,0.065824046730995,0.028622979298234,0.073551774024963,-0.053067550063133,0.22437146306038,-0.11724675446749,-0.09001000225544,0.021860999986529,-0.007244807202369,-0.021583765745163,0.072910837829113,-0.099746450781822,0.0031017737928778,-0.04135325178504,0.0006695834454149,0.10212218016386,0.12314343452454,-0.1467771679163,0.029704805463552,0.083459407091141,0.062367990612984,0.02532559633255,-0.087291873991489,-0.0017528637545183,0.01780117303133,-0.09644590318203,0.049300644546747,-0.010847511701286,-0.08328727632761,-0.039096433669329,0.091315120458603,-0.021844878792763,0.038493487983942,0.042412724345922,-0.093561492860317,-0.027584927156568,-0.041953723877668,0.076191164553165,0.084419213235378,0.041097272187471,0.051643338054419,0.016356717795134,0.040746752172709,-0.088072508573532,-0.01028629951179,0.042577121406794,-0.045942686498165,0.12812624871731,-0.0033270486164838,-0.057502314448357,0.086934968829155,0.07079604268074,0.10438905656338,0.11159748584032,-0.15329530835152,0.044292636215687,-0.036118160933256,-0.069832816720009,0.12507051229477,-0.038482759147882,0.13902603089809
-0.010119743645191,0.032549403607845,-0.12570634484291,-0.064517557621002,0.16819013655186,0.16939823329449,0.017082775011659,-0.0047711017541587,-0.051141805946827,0.18960189819336,0.056063439697027,-0.030781833454967,0.0015588457463309,-0.1032170727849,0.12097549438477,0.13049490749836,0.032408438622952,0.13421492278576,0.098916977643967,-0.13741566240788,0.083096079528332,0.044679958373308,0.031167356297374,-0.094030655920506,0.14613176882267,0.054821886122227,0.026994472369552,-0.11599663645029,0.17684054374695,0.016266128048301,0.14069278538227,0.074097409844398,-0.038689628243446,-0.036189418286085,0.11913633346558,-0.0016532700974494,-0.010203801095486,-0.13427808880806,0.20971882343292,-0.08009522408247,0.079274833202362,-0.057364489883184,0.054863631725311,0.15708920359612,-0.10792580246925,-0.11142750829458,0.024117089807987,0.078138194978237,-0.031838711351156,-0.20454575121403,0.013755030930042,-0.017074974253774,-0.050935693085194,-0.11939287930727,-0.12307239323854,0.074495062232018,0.025259720161557,0.062467843294144,-0.075803562998772,0.029248451814055,-0.094532996416092,-0.12791772186756,0.15108203887939,-0.074104435741901,0.14620126783848,0.031241334974766,-0.1070259064436,0.027492938563228,0.033806502819061,0.055057220160961,-0.059433661401272,0.17274099588394,-0.08888503164053,-0.13824681937695,-0.10349152982235,-0.11078285425901,-0.021988898515701,0.10090866684914,-0.084142573177814,-0.056947361677885,0.024340342730284,0.088431999087334,0.067379280924797,0.077225886285305,-0.025244947522879,-0.060833144932985,0.059122234582901,0.057038567960262,0.031594540923834,-0.038037978112698,0.051341831684113,0.073533274233341,-0.21478091180325,0.03098133020103,0.082937173545361,-0.019787987694144,-0.051479190587997,0.10657779127359,-0.1126246675849,0.041358217597008,0.018151745200157,-0.082364819943905,0.012406832538545,-0.040578592568636,0.041140478104353,0.030011128634214,0.070061363279819,-0.032063145190477,0.1393975019455,0.032086797058582,-0.046671248972416,-0.005599157884717,0.0049921087920666,0.0093339895829558,0.16474230587482,-0.073184430599213,-0.033303283154964,-0.014634750783443,0.019319025799632,0.037587270140648,0.12474413961172,-0.091942079365253,0.057007428258657,0.0010856996523216,-0.052847471088171,0.0050914138555527,-0.017786374315619,0.054968368262053
-0.019913291558623,0.025223003700376,-0.16112059354782,-0.0064401449635625,0.13034103810787,0.18896922469139,0.048479970544577,-0.080751031637192,-0.11251583695412,0.15577518939972,0.065714657306671,0.01841083727777,0.011351787485182,-0.068761542439461,0.068770490586758,0.13520435988903,-0.060807030647993,0.010797334834933,0.1425464451313,-0.10249022394419,0.066710628569126,-0.041947361081839,0.015887523069978,-0.1635656952858,0.12897081673145,0.115323998034,-0.051039598882198,-0.16734978556633,0.11385035514832,0.045966558158398,0.086425356566906,0.1094763353467,-0.079945124685764,-0.073047332465649,0.062444504350424,0.057765942066908,-0.060799065977335,-0.10979779064655,0.21795040369034,-0.028612442314625,0.089251406490803,-0.06658186763525,0.026442006230354,0.090171672403812,-0.10487823188305,-0.024552414193749,0.076213993132114,0.013518553227186,-0.06049644947052,-0.23448365926743,-0.013055691495538,0.016614608466625,-0.052706193178892,-0.069127514958382,-0.029150761663914,0.065167792141438,0.029494442045689,0.10838287323713,-0.098888136446476,0.097996987402439,-0.084009684622288,-0.082866229116917,0.20626945793629,-0.11150717735291,0.21807613968849,0.062610916793346,-0.084756806492805,0.073418699204922,0.066144026815891,0.050078880041838,-0.014566663652658,0.24719412624836,-0.076803430914879,-0.071157209575176,-0.023657616227865,-0.013724891468883,-0.032525975257158,0.071677260100842,-0.10641859471798,-0.0072760172188282,-0.0011988367186859,0.02184540219605,0.075232848525047,0.077848419547081,-0.15214771032333,-0.0043341829441488,0.1051741540432,0.033887673169374,-0.022423043847084,-0.10286975651979,0.032173331826925,0.04791697114706,-0.14080329239368,0.043163720518351,-0.0059908283874393,-0.059678371995687,0.020417835563421,0.064449436962605,-0.013591986149549,0.062713146209717,-0.016084834933281,-0.068335652351379,-0.0062444489449263,-0.039081659168005,0.0046142558567226,0.091254636645317,0.046581476926804,0.081275753676891,0.057889211922884,0.027981631457806,-0.063637062907219,-0.033473081886768,-0.010082229040563,-0.062969677150249,0.16331422328949,-0.0067627835087478,-0.062343884259462,0.035031862556934,0.021934321150184,0.060813199728727,0.085385397076607,-0.11704529076815,0.073758728802204,-0.0067572416737676,-0.048761464655399,0.1159453690052,-0.026981387287378,0.10481356084347
-0.052076417952776,0.052983723580837,-0.12021965533495,-0.038689486682415,0.16856208443642,0.16942967474461,0.039956331253052,-0.045200057327747,-0.053957208991051,0.13677659630775,0.042242202907801,0.049617003649473,0.016391748562455,-0.076503708958626,0.061461500823498,0.13439440727234,-0.050584744662046,0.012200297787786,0.083100646734238,-0.086332388222218,0.1001511067152,-0.026236675679684,0.011670651845634,-0.10098133981228,0.14639009535313,0.10065848380327,-0.029039733111858,-0.12112894654274,0.16001768410206,0.046664416790009,0.12117737531662,0.110073171556,-0.04498428478837,-0.022146595641971,0.032940283417702,0.032854132354259,-0.0049204905517399,-0.081093922257423,0.20935043692589,-0.028872616589069,0.14838472008705,-0.060693640261889,0.098506473004818,0.085094340145588,-0.11049392819405,-0.11011377722025,0.089011907577515,0.011296761222184,-0.01641857996583,-0.19785040616989,-0.01558886654675,-0.0028359228745103,-0.080833904445171,-0.047290053218603,0.018246121704578,0.081117585301399,0.009203034453094,0.11339102685452,-0.12539860606194,0.032860551029444,-0.12231609970331,-0.12306898832321,0.18707156181335,-0.11115819215775,0.17536513507366,0.070591866970062,-0.09207521378994,0.043036308139563,0.038625672459602,0.055680405348539,-0.04022729024291,0.23982718586922,-0.094328455626965,-0.035245940089226,0.027375672012568,-0.013714626431465,-0.011035676114261,0.11540938913822,-0.093127556145191,-0.032359980046749,-0.013672792352736,0.084464497864246,0.1516291052103,0.13196204602718,-0.096211768686771,-0.021208915859461,0.12770463526249,0.11406426131725,0.018915984779596,-0.088174574077129,0.034581199288368,0.0059657879173756,-0.15246370434761,0.040148466825485,0.021461727097631,-0.076654262840748,-0.024752078577876,0.10524076223373,-0.043210607022047,0.043126717209816,-0.041812982410192,-0.10741524398327,-0.0041196518577635,0.035374522209167,-0.0014894598862156,0.088742882013321,0.0087330862879753,0.068616650998592,0.081058338284492,-0.01304894965142,-0.084185093641281,-0.0027179657481611,-0.05768820643425,0.014803039841354,0.16662293672562,-0.031041290611029,-0.029286084696651,0.0066236886195838,0.022847510874271,0.10340218991041,0.13296627998352,-0.044125180691481,0.059591945260763,-0.0095831733196974,-0.11129447817802,0.096376448869705,-0.029014598578215,0.11249101907015
-0.11521089076996,0.15843679010868,-0.1106851324439,-0.077977105975151,-0.0061458926647902,0.14277765154839,-0.037871778011322,-0.060941703617573,0.19147838652134,0.12545405328274,0.040514782071114,-0.088013216853142,0.057361509650946,0.031815312802792,-0.026749759912491,0.058166816830635,0.0040641040541232,0.21627594530582,-0.061922248452902,-0.16918601095676,0.14258603751659,0.0081065511330962,-0.02738263644278,0.10423713177443,0.02468385733664,-0.08135961741209,-0.034966886043549,-0.051565401256084,0.14722974598408,0.14676010608673,0.1647183150053,0.052903361618519,0.051372054964304,-0.041856810450554,0.10250597447157,0.056735578924417,-0.020162219181657,-0.026615649461746,-0.0059008444659412,-0.016193019226193,-0.082226738333702,0.0038517827633768,-0.00055294128833339,0.14292706549168,0.059509094804525,-0.18200732767582,0.023339845240116,0.10463814437389,-0.011927458457649,-0.14096821844578,0.019995717331767,-0.0095225432887673,0.043719183653593,-0.12438086420298,-0.076173201203346,0.1979720890522,-0.010596643202007,0.091647401452065,0.02853587642312,-0.15527252852917,-0.12387452274561,-0.027346869930625,0.13872276246548,-0.072382874786854,0.016992619261146,0.013983364216983,-0.022382890805602,-0.017540445551276,-0.091813772916794,0.11711809784174,-0.0026066831778735,-0.016488512977958,-0.076301969587803,-0.17432670295238,-0.094740174710751,-0.053431041538715,-0.053904294967651,0.022236244753003,-0.079660072922707,-0.1530669927597,0.03096835501492,0.17084567248821,-0.043415639549494,0.01535371504724,-0.032195698469877,-0.00077960343332961,-0.031963095068932,-0.065000355243683,0.078537367284298,0.059804938733578,-0.036718174815178,-0.08634976297617,-0.063458569347858,-0.064967952668667,0.1503883600235,0.065843977034092,-0.16092547774315,0.1121896058321,-0.066185146570206,0.108557716012,0.15043039619923,-0.024096766486764,-0.015320765785873,-0.025279020890594,-0.039542034268379,0.028206015005708,-0.057207364588976,-0.22188267111778,0.04304376244545,0.013059577904642,-0.029720274731517,0.0018184452783316,-0.031643308699131,-0.019219320267439,0.060874160379171,0.033766191452742,0.0082498621195555,-0.045785967260599,0.065156221389771,0.02479374781251,0.13151293992996,-0.11758001893759,0.012806279584765,-0.042990393936634,-0.11143621057272,0.060464382171631,-0.056451819837093,0.029056653380394
